Continent,Country,Year,Category,Expenditure,Visitors,AverageStayNights
Oceania,New Zealand,2006,Holiday,909227000,423390,13.1
Oceania,New Zealand,2006,Visiting friends and relatives,404132000,257158,12.9
Oceania,New Zealand,2006,Business,312595000,200699,6.4
Oceania,New Zealand,2006,Education,73279000,12711,37.2
Oceania,New Zealand,2006,Employment,195837000,34208,87.2
Oceania,New Zealand,2006,Otherreason,72567000,32013,10.3
Oceania,New Zealand,2006,Backpackers,120491000,35822,46.5
Oceania,New Zealand,2006,Nonbackpackers,1847146000,924357,13.3
Asia,Japan,2006,Holiday,1579029000,476057,11.3
Asia,Japan,2006,Visiting friends and relatives,90859000,35599,13.7
Asia,Japan,2006,Business,171813000,40826,21.9
Asia,Japan,2006,Education,244598000,22703,126.7
Asia,Japan,2006,Employment,0,0,0
Asia,Japan,2006,Otherreason,72879000,17224,23.1
Asia,Japan,2006,Backpackers,221509000,33998,94.9
Asia,Japan,2006,Nonbackpackers,1992606000,564764,13.9
Asia,Singapore,2006,Holiday,238129000,92072,8.9
Asia,Singapore,2006,Visiting friends and relatives,94228000,30922,20.8
Asia,Singapore,2006,Business,118547000,47397,8.6
Asia,Singapore,2006,Education,178334000,13024,99.8
Asia,Singapore,2006,Employment,0,0,0
Asia,Singapore,2006,Otherreason,0,0,0
Asia,Singapore,2006,Backpackers,42838000,8188,35.4
Asia,Singapore,2006,Nonbackpackers,641367000,191006,19.1
Asia,China,2006,Holiday,533254000,132351,11.7
Asia,China,2006,Visiting friends and relatives,91182000,37695,62.8
Asia,China,2006,Business,234293000,63433,18.4
Asia,China,2006,Education,666536000,38686,179.8
Asia,China,2006,Employment,0,0,0
Asia,China,2006,Otherreason,66438000,15401,31.1
Asia,China,2006,Backpackers,32583000,5826,62.1
Asia,China,2006,Nonbackpackers,1584327000,286827,44.2
Americas,United States,2006,Holiday,1023231000,184833,16.1
Americas,United States,2006,Visiting friends and relatives,326890000,86730,21.6
Americas,United States,2006,Business,527251000,95928,13.4
Americas,United States,2006,Education,287785000,24725,77
Americas,United States,2006,Employment,200091000,16796,89.1
Americas,United States,2006,Otherreason,40373000,15444,8
Americas,United States,2006,Backpackers,309209000,41089,49.3
Americas,United States,2006,Nonbackpackers,2096413000,383367,19.9
Europe,United Kingdom,2006,Holiday,2366817000,361090,35.8
Europe,United Kingdom,2006,Visiting friends and relatives,985048000,239646,27.2
Europe,United Kingdom,2006,Business,319069000,53936,23.5
Europe,United Kingdom,2006,Education,0,0,0
Europe,United Kingdom,2006,Employment,196037000,18009,141.3
Europe,United Kingdom,2006,Otherreason,88935000,18307,16.7
Europe,United Kingdom,2006,Backpackers,1006091000,134872,67.7
Europe,United Kingdom,2006,Nonbackpackers,2983063000,559821,26.2
Asia,Korea,2006,Holiday,651741000,154989,26.9
Asia,Korea,2006,Visiting friends and relatives,135621000,25157,28.1
Asia,Korea,2006,Business,119318000,29428,15.2
Asia,Korea,2006,Education,362351000,23941,168.8
Asia,Korea,2006,Employment,0,0,0
Asia,Korea,2006,Otherreason,0,0,0
Asia,Korea,2006,Backpackers,267686000,33927,120.9
Asia,Korea,2006,Nonbackpackers,1149150000,209092,32.4
Oceania,New Zealand,2007,Holiday,1017778000,441643,12.1
Oceania,New Zealand,2007,Visiting friends and relatives,458360000,277436,13.3
Oceania,New Zealand,2007,Business,391090000,209108,7.1
Oceania,New Zealand,2007,Education,74838000,12965,31.9
Oceania,New Zealand,2007,Employment,164773000,38664,67.1
Oceania,New Zealand,2007,Otherreason,62884000,34515,9.7
Oceania,New Zealand,2007,Backpackers,119444000,41890,29.5
Oceania,New Zealand,2007,Nonbackpackers,2050279000,972441,12.9
Asia,Japan,2007,Holiday,1375265000,405631,13.9
Asia,Japan,2007,Visiting friends and relatives,89784000,33091,14.4
Asia,Japan,2007,Business,112206000,41224,12
Asia,Japan,2007,Education,227400000,22354,124.4
Asia,Japan,2007,Employment,0,0,0
Asia,Japan,2007,Otherreason,83899000,16952,66.1
Asia,Japan,2007,Backpackers,252142000,36664,97.7
Asia,Japan,2007,Nonbackpackers,1687155000,489019,16.1
Asia,Singapore,2007,Holiday,285660000,97969,10.8
Asia,Singapore,2007,Visiting friends and relatives,89778000,31336,16.8
Asia,Singapore,2007,Business,137778000,48752,7.8
Asia,Singapore,2007,Education,195157000,12301,97.8
Asia,Singapore,2007,Employment,0,0,0
Asia,Singapore,2007,Otherreason,0,0,0
Asia,Singapore,2007,Backpackers,52894000,8223,39.7
Asia,Singapore,2007,Nonbackpackers,826511000,196112,20.5
Asia,China,2007,Holiday,574102000,157037,11.2
Asia,China,2007,Visiting friends and relatives,184915000,43294,55.2
Asia,China,2007,Business,252157000,69559,13.8
Asia,China,2007,Education,772876000,43985,175.3
Asia,China,2007,Employment,0,0,0
Asia,China,2007,Otherreason,0,0,0
Asia,China,2007,Backpackers,32916000,6581,36.5
Asia,China,2007,Nonbackpackers,1882160000,329216,41.8
Americas,United States,2007,Holiday,997803000,171868,16.8
Americas,United States,2007,Visiting friends and relatives,328123000,85239,20.6
Americas,United States,2007,Business,556846000,105039,13.8
Americas,United States,2007,Education,310004000,24974,84.2
Americas,United States,2007,Employment,103565000,19417,56.3
Americas,United States,2007,Otherreason,55345000,17497,10.1
Americas,United States,2007,Backpackers,329921000,46316,46.1
Americas,United States,2007,Nonbackpackers,2021766000,377718,19.4
Europe,United Kingdom,2007,Holiday,2192860000,318256,35.7
Europe,United Kingdom,2007,Visiting friends and relatives,1065015000,241823,26.2
Europe,United Kingdom,2007,Business,218144000,53735,15.5
Europe,United Kingdom,2007,Education,108665000,8260,100.3
Europe,United Kingdom,2007,Employment,222467000,18502,125.5
Europe,United Kingdom,2007,Otherreason,61961000,13903,25.9
Europe,United Kingdom,2007,Backpackers,931292000,120930,66.2
Europe,United Kingdom,2007,Nonbackpackers,2937821000,533549,26.3
Asia,Korea,2007,Holiday,683810000,148277,32.2
Asia,Korea,2007,Visiting friends and relatives,207950000,26646,35.3
Asia,Korea,2007,Business,69403000,19102,11.6
Asia,Korea,2007,Education,442992000,27266,168.7
Asia,Korea,2007,Employment,0,0,0
Asia,Korea,2007,Otherreason,0,0,0
Asia,Korea,2007,Backpackers,310573000,37119,119.1
Asia,Korea,2007,Nonbackpackers,1183792000,201343,35.8
Oceania,New Zealand,2008,Holiday,969166000,405103,12.6
Oceania,New Zealand,2008,Visiting friends and relatives,471021000,287153,13.2
Oceania,New Zealand,2008,Business,400395000,212522,5.8
Oceania,New Zealand,2008,Education,63424000,14744,34.6
Oceania,New Zealand,2008,Employment,227708000,38336,95
Oceania,New Zealand,2008,Otherreason,90327000,36672,7.2
Oceania,New Zealand,2008,Backpackers,111829000,37397,26
Oceania,New Zealand,2008,Nonbackpackers,2110213000,957134,14.2
Asia,Japan,2008,Holiday,1226053000,315705,14.1
Asia,Japan,2008,Visiting friends and relatives,86667000,28978,17.7
Asia,Japan,2008,Business,154333000,36905,12.3
Asia,Japan,2008,Education,197270000,17605,119.1
Asia,Japan,2008,Employment,0,0,0
Asia,Japan,2008,Otherreason,57682000,13610,35.7
Asia,Japan,2008,Backpackers,194216000,26899,99.3
Asia,Japan,2008,Nonbackpackers,1571149000,391019,15.6
Asia,Singapore,2008,Holiday,286984000,94931,9.6
Asia,Singapore,2008,Visiting friends and relatives,97931000,31265,15.6
Asia,Singapore,2008,Business,141824000,47107,8.6
Asia,Singapore,2008,Education,213603000,13334,115.1
Asia,Singapore,2008,Employment,0,0,0
Asia,Singapore,2008,Otherreason,0,0,0
Asia,Singapore,2008,Backpackers,41894000,6210,45.7
Asia,Singapore,2008,Nonbackpackers,795023000,196429,19.5
Asia,China,2008,Holiday,625094000,154025,9
Asia,China,2008,Visiting friends and relatives,185650000,47025,53
Asia,China,2008,Business,224714000,57007,15.7
Asia,China,2008,Education,970327000,50042,177
Asia,China,2008,Employment,0,0,0
Asia,China,2008,Otherreason,0,0,0
Asia,China,2008,Backpackers,54128000,6343,58.4
Asia,China,2008,Nonbackpackers,2151036000,325991,46.9
Americas,United States,2008,Holiday,966381000,167662,16.3
Americas,United States,2008,Visiting friends and relatives,334537000,86782,20.1
Americas,United States,2008,Business,666817000,103716,12.2
Americas,United States,2008,Education,279650000,23331,79
Americas,United States,2008,Employment,151039000,19571,71.2
Americas,United States,2008,Otherreason,95536000,22362,16.1
Americas,United States,2008,Backpackers,326309000,45434,49.6
Americas,United States,2008,Nonbackpackers,2167651000,377991,18.7
Europe,United Kingdom,2008,Holiday,2041514000,306002,35.8
Europe,United Kingdom,2008,Visiting friends and relatives,1090818000,242321,27.1
Europe,United Kingdom,2008,Business,297887000,52685,15
Europe,United Kingdom,2008,Education,0,0,0
Europe,United Kingdom,2008,Employment,269753000,20770,109.3
Europe,United Kingdom,2008,Otherreason,89428000,14820,25.7
Europe,United Kingdom,2008,Backpackers,886505000,115906,63.7
Europe,United Kingdom,2008,Nonbackpackers,2978068000,528101,26.9
Asia,Korea,2008,Holiday,571187000,121643,34.5
Asia,Korea,2008,Visiting friends and relatives,130921000,26014,30.6
Asia,Korea,2008,Business,93512000,17183,19.4
Asia,Korea,2008,Education,437362000,23831,185.6
Asia,Korea,2008,Employment,0,0,0
Asia,Korea,2008,Otherreason,0,0,0
Asia,Korea,2008,Backpackers,292608000,32691,127.3
Asia,Korea,2008,Nonbackpackers,1069952000,174592,44.5
Oceania,New Zealand,2009,Holiday,827676000,403898,11.4
Oceania,New Zealand,2009,Visiting friends and relatives,462832000,316140,12.4
Oceania,New Zealand,2009,Business,315079000,182967,7.7
Oceania,New Zealand,2009,Education,74245000,13908,43.2
Oceania,New Zealand,2009,Employment,172210000,34743,72.3
Oceania,New Zealand,2009,Otherreason,57154000,39097,5.6
Oceania,New Zealand,2009,Backpackers,72307000,28091,23
Oceania,New Zealand,2009,Nonbackpackers,1836889000,962663,13.1
Asia,Japan,2009,Holiday,969332000,232637,15.9
Asia,Japan,2009,Visiting friends and relatives,90650000,32609,13.5
Asia,Japan,2009,Business,130325000,29575,16.6
Asia,Japan,2009,Education,202541000,15817,120.6
Asia,Japan,2009,Employment,0,0,0
Asia,Japan,2009,Otherreason,46089000,11914,28.5
Asia,Japan,2009,Backpackers,177967000,21628,99
Asia,Japan,2009,Nonbackpackers,1285498000,304384,16.6
Asia,Singapore,2009,Holiday,297688000,107767,10
Asia,Singapore,2009,Visiting friends and relatives,93670000,39896,14.4
Asia,Singapore,2009,Business,135640000,42245,9.1
Asia,Singapore,2009,Education,244869000,14345,114.4
Asia,Singapore,2009,Employment,0,0,0
Asia,Singapore,2009,Otherreason,0,0,0
Asia,Singapore,2009,Backpackers,35731000,6932,37.1
Asia,Singapore,2009,Nonbackpackers,805544000,212044,20.9
Asia,China,2009,Holiday,733362000,148067,8.5
Asia,China,2009,Visiting friends and relatives,216928000,58479,57.6
Asia,China,2009,Business,236540000,46532,20.2
Asia,China,2009,Education,1278391000,66018,172.8
Asia,China,2009,Employment,74302000,6968,161.1
Asia,China,2009,Otherreason,0,0,0
Asia,China,2009,Backpackers,46076000,3820,90.6
Asia,China,2009,Nonbackpackers,2561303000,337198,53.9
Americas,United States,2009,Holiday,930385000,188159,16.4
Americas,United States,2009,Visiting friends and relatives,324290000,105456,20.4
Americas,United States,2009,Business,474484000,88520,11.9
Americas,United States,2009,Education,320435000,23850,79.7
Americas,United States,2009,Employment,138588000,19202,66
Americas,United States,2009,Otherreason,81667000,18668,14.9
Americas,United States,2009,Backpackers,330517000,46816,47.5
Americas,United States,2009,Nonbackpackers,1939332000,397039,18.9
Europe,United Kingdom,2009,Holiday,1926813000,294624,43.1
Europe,United Kingdom,2009,Visiting friends and relatives,934195000,252650,25.8
Europe,United Kingdom,2009,Business,245918000,46156,18
Europe,United Kingdom,2009,Education,0,0,0
Europe,United Kingdom,2009,Employment,209065000,19360,120.7
Europe,United Kingdom,2009,Otherreason,63327000,15168,21.3
Europe,United Kingdom,2009,Backpackers,1015989000,130934,69
Europe,United Kingdom,2009,Nonbackpackers,2468056000,505033,28.8
Asia,Korea,2009,Holiday,503293000,92672,57.2
Asia,Korea,2009,Visiting friends and relatives,104326000,25672,32.2
Asia,Korea,2009,Business,62621000,12964,21.6
Asia,Korea,2009,Education,474383000,24979,188.2
Asia,Korea,2009,Employment,0,0,0
Asia,Korea,2009,Otherreason,0,0,0
Asia,Korea,2009,Backpackers,317881000,30104,161.4
Asia,Korea,2009,Nonbackpackers,1035997000,143326,64
Oceania,New Zealand,2010,Holiday,926574000,422850,12.1
Oceania,New Zealand,2010,Visiting friends and relatives,452280000,320156,12.8
Oceania,New Zealand,2010,Business,420817000,201771,7.5
Oceania,New Zealand,2010,Education,73311000,14706,32.9
Oceania,New Zealand,2010,Employment,205177000,38742,72.3
Oceania,New Zealand,2010,Otherreason,69270000,41656,6.3
Oceania,New Zealand,2010,Backpackers,77090000,32525,22.8
Oceania,New Zealand,2010,Nonbackpackers,2070340000,1007357,13.4
Asia,Japan,2010,Holiday,981959000,262535,16.8
Asia,Japan,2010,Visiting friends and relatives,74103000,30739,14.2
Asia,Japan,2010,Business,158959000,33507,16.3
Asia,Japan,2010,Education,204554000,18675,107.4
Asia,Japan,2010,Employment,0,0,0
Asia,Japan,2010,Otherreason,38139000,11350,17
Asia,Japan,2010,Backpackers,177930000,26780,103.5
Asia,Japan,2010,Nonbackpackers,1311911000,334456,15.8
Asia,Singapore,2010,Holiday,301617000,112563,10.1
Asia,Singapore,2010,Visiting friends and relatives,123190000,40207,16.8
Asia,Singapore,2010,Business,163306000,50818,8.9
Asia,Singapore,2010,Education,286904000,15525,104.2
Asia,Singapore,2010,Employment,0,0,0
Asia,Singapore,2010,Otherreason,0,0,0
Asia,Singapore,2010,Backpackers,62211000,11186,31.4
Asia,Singapore,2010,Nonbackpackers,883131000,225957,18.6
Asia,China,2010,Holiday,740770000,185478,10.2
Asia,China,2010,Visiting friends and relatives,291851000,75255,66.9
Asia,China,2010,Business,285411000,54700,18.7
Asia,China,2010,Education,1583116000,81330,170
Asia,China,2010,Employment,0,0,0
Asia,China,2010,Otherreason,0,0,0
Asia,China,2010,Backpackers,81260000,7811,98.9
Asia,China,2010,Nonbackpackers,3014626000,415980,54.7
Americas,United States,2010,Holiday,774839000,169353,17.2
Americas,United States,2010,Visiting friends and relatives,303348000,98834,21.7
Americas,United States,2010,Business,539419000,104966,12.4
Americas,United States,2010,Education,246077000,21382,83.5
Americas,United States,2010,Employment,116704000,18060,74.4
Americas,United States,2010,Otherreason,53056000,18842,8.7
Americas,United States,2010,Backpackers,307735000,51247,44.9
Americas,United States,2010,Nonbackpackers,1725707000,380190,19.3
Europe,United Kingdom,2010,Holiday,1656393000,274631,39.6
Europe,United Kingdom,2010,Visiting friends and relatives,863474000,247673,27.3
Europe,United Kingdom,2010,Business,297519000,52705,17.7
Europe,United Kingdom,2010,Education,0,0,0
Europe,United Kingdom,2010,Employment,279088000,22673,125.3
Europe,United Kingdom,2010,Otherreason,62618000,14794,36.8
Europe,United Kingdom,2010,Backpackers,836333000,113930,72.5
Europe,United Kingdom,2010,Nonbackpackers,2438809000,506088,28.9
Asia,Korea,2010,Holiday,583436000,120491,46.9
Asia,Korea,2010,Visiting friends and relatives,118589000,27420,39.1
Asia,Korea,2010,Business,70734000,16430,20.4
Asia,Korea,2010,Education,388757000,22703,176.5
Asia,Korea,2010,Employment,0,0,0
Asia,Korea,2010,Otherreason,0,0,0
Asia,Korea,2010,Backpackers,296566000,29424,158.8
Asia,Korea,2010,Nonbackpackers,1037230000,174630,52.5
Oceania,New Zealand,2011,Holiday,876776000,405480,12.6
Oceania,New Zealand,2011,Visiting friends and relatives,458732000,333750,12.5
Oceania,New Zealand,2011,Business,396487000,208303,7.5
Oceania,New Zealand,2011,Education,63773000,15295,44.7
Oceania,New Zealand,2011,Employment,248801000,42790,75.4
Oceania,New Zealand,2011,Otherreason,90286000,44726,11.4
Oceania,New Zealand,2011,Backpackers,92527000,34447,25.7
Oceania,New Zealand,2011,Nonbackpackers,2042328000,1015896,14.2
Asia,Japan,2011,Holiday,799607000,201213,18.5
Asia,Japan,2011,Visiting friends and relatives,84741000,31330,14.4
Asia,Japan,2011,Business,146308000,33941,12.9
Asia,Japan,2011,Education,220031000,19317,110
Asia,Japan,2011,Employment,0,0,0
Asia,Japan,2011,Otherreason,60265000,10833,44.2
Asia,Japan,2011,Backpackers,159917000,22714,90
Asia,Japan,2011,Nonbackpackers,1174613000,276690,19.5
Asia,Singapore,2011,Holiday,325541000,109571,10.6
Asia,Singapore,2011,Visiting friends and relatives,118109000,40622,17.4
Asia,Singapore,2011,Business,199571000,55181,9
Asia,Singapore,2011,Education,260799000,15283,94.1
Asia,Singapore,2011,Employment,0,0,0
Asia,Singapore,2011,Otherreason,29491000,10804,15.5
Asia,Singapore,2011,Backpackers,47955000,11590,25.5
Asia,Singapore,2011,Nonbackpackers,956399000,228477,19.5
Asia,China,2011,Holiday,913116000,227892,9.8
Asia,China,2011,Visiting friends and relatives,316573000,86589,61.1
Asia,China,2011,Business,350901000,69037,16.8
Asia,China,2011,Education,1810609000,88002,168.5
Asia,China,2011,Employment,130619000,11107,130.6
Asia,China,2011,Otherreason,0,0,0
Asia,China,2011,Backpackers,98822000,13189,55.2
Asia,China,2011,Nonbackpackers,3510648000,491453,50.9
Americas,United States,2011,Holiday,756028000,159272,18.8
Americas,United States,2011,Visiting friends and relatives,312978000,96194,24.3
Americas,United States,2011,Business,648669000,105467,15.2
Americas,United States,2011,Education,218239000,23293,65.5
Americas,United States,2011,Employment,159341000,17981,80.4
Americas,United States,2011,Otherreason,60646000,18488,10.6
Americas,United States,2011,Backpackers,274260000,42368,49.2
Americas,United States,2011,Nonbackpackers,1881641000,378328,21.2
Europe,United Kingdom,2011,Holiday,1373674000,238643,40.9
Europe,United Kingdom,2011,Visiting friends and relatives,842315000,239461,27
Europe,United Kingdom,2011,Business,316038000,55322,22.8
Europe,United Kingdom,2011,Education,0,0,0
Europe,United Kingdom,2011,Employment,307842000,26269,118.5
Europe,United Kingdom,2011,Otherreason,70344000,16273,42.8
Europe,United Kingdom,2011,Backpackers,782622000,107280,76.5
Europe,United Kingdom,2011,Nonbackpackers,2189933000,477483,28.6
Asia,Korea,2011,Holiday,592863000,108845,56.6
Asia,Korea,2011,Visiting friends and relatives,118927000,26140,32.1
Asia,Korea,2011,Business,84681000,17168,19.2
Asia,Korea,2011,Education,370129000,20350,173.2
Asia,Korea,2011,Employment,0,0,0
Asia,Korea,2011,Otherreason,116718000,10890,176.8
Asia,Korea,2011,Backpackers,291010000,32917,137
Asia,Korea,2011,Nonbackpackers,1061992000,156956,59.5
Oceania,New Zealand,2012,Holiday,896897000,415682,12.7
Oceania,New Zealand,2012,Visiting friends and relatives,495451000,350811,12.5
Oceania,New Zealand,2012,Business,414343000,208348,7.7
Oceania,New Zealand,2012,Education,91779000,17301,40.5
Oceania,New Zealand,2012,Employment,280892000,42232,78
Oceania,New Zealand,2012,Otherreason,77461000,44120,8.2
Oceania,New Zealand,2012,Backpackers,86421000,32499,25.3
Oceania,New Zealand,2012,Nonbackpackers,2170401000,1045994,14.2
Asia,Japan,2012,Holiday,928877000,213916,19.4
Asia,Japan,2012,Visiting friends and relatives,82614000,30876,18.4
Asia,Japan,2012,Business,132472000,31756,13.5
Asia,Japan,2012,Education,268382000,20462,118.9
Asia,Japan,2012,Employment,0,0,0
Asia,Japan,2012,Otherreason,0,0,0
Asia,Japan,2012,Backpackers,196243000,28667,91
Asia,Japan,2012,Nonbackpackers,1353100000,290461,24.8
Asia,Singapore,2012,Holiday,343190000,129177,9.5
Asia,Singapore,2012,Visiting friends and relatives,112938000,45136,16.7
Asia,Singapore,2012,Business,166518000,54760,8.2
Asia,Singapore,2012,Education,333951000,15693,125
Asia,Singapore,2012,Employment,0,0,0
Asia,Singapore,2012,Otherreason,24134000,8737,28.9
Asia,Singapore,2012,Backpackers,52767000,8356,39.4
Asia,Singapore,2012,Nonbackpackers,974211000,252641,20
Asia,China,2012,Holiday,1136634000,290226,9
Asia,China,2012,Visiting friends and relatives,412541000,104269,58.7
Asia,China,2012,Business,326811000,64217,19
Asia,China,2012,Education,1948549000,89901,164.8
Asia,China,2012,Employment,190665000,14976,164
Asia,China,2012,Otherreason,117824000,22070,29.4
Asia,China,2012,Backpackers,127426000,11665,90.6
Asia,China,2012,Nonbackpackers,4005598000,573993,46.7
Americas,United States,2012,Holiday,873572000,169556,18.5
Americas,United States,2012,Visiting friends and relatives,364128000,105933,22.4
Americas,United States,2012,Business,680850000,113397,14.5
Americas,United States,2012,Education,240711000,19988,87.9
Americas,United States,2012,Employment,121272000,16316,85.1
Americas,United States,2012,Otherreason,62318000,19977,13.6
Americas,United States,2012,Backpackers,254239000,40687,47
Americas,United States,2012,Nonbackpackers,2088611000,404480,21.4
Europe,United Kingdom,2012,Holiday,1312971000,216241,47.7
Europe,United Kingdom,2012,Visiting friends and relatives,868926000,247213,28.1
Europe,United Kingdom,2012,Business,346860000,59439,23.2
Europe,United Kingdom,2012,Education,63992000,7843,131.4
Europe,United Kingdom,2012,Employment,371007000,27879,130.9
Europe,United Kingdom,2012,Otherreason,55966000,14562,30.4
Europe,United Kingdom,2012,Backpackers,681885000,93838,80.4
Europe,United Kingdom,2012,Nonbackpackers,2337837000,479339,33.8
Asia,Korea,2012,Holiday,533951000,107484,51.6
Asia,Korea,2012,Visiting friends and relatives,129179000,27746,40.5
Asia,Korea,2012,Business,91715000,17308,13.1
Asia,Korea,2012,Education,378495000,18517,171.5
Asia,Korea,2012,Employment,76292000,6111,186.4
Asia,Korea,2012,Otherreason,108153000,11323,144.4
Asia,Korea,2012,Backpackers,298579000,32899,134.2
Asia,Korea,2012,Nonbackpackers,1019206000,155590,54.2
Oceania,New Zealand,2013,Holiday,956330000,411064,11.8
Oceania,New Zealand,2013,Visiting friends and relatives,552252000,368796,12.2
Oceania,New Zealand,2013,Business,413524000,205968,7.6
Oceania,New Zealand,2013,Education,82221000,15175,60.3
Oceania,New Zealand,2013,Employment,216305000,37171,78.8
Oceania,New Zealand,2013,Otherreason,90047000,47003,8.1
Oceania,New Zealand,2013,Backpackers,80212000,28779,22.5
Oceania,New Zealand,2013,Nonbackpackers,2230468000,1056397,13.7
Asia,Japan,2013,Holiday,777705000,195319,23.5
Asia,Japan,2013,Visiting friends and relatives,79816000,31859,12.8
Asia,Japan,2013,Business,124690000,32421,15
Asia,Japan,2013,Education,246420000,22078,112.7
Asia,Japan,2013,Employment,0,0,0
Asia,Japan,2013,Otherreason,0,0,0
Asia,Japan,2013,Backpackers,193689000,28131,91
Asia,Japan,2013,Nonbackpackers,1118268000,268578,23.8
Asia,Singapore,2013,Holiday,391522000,157079,9.1
Asia,Singapore,2013,Visiting friends and relatives,142189000,52427,14.7
Asia,Singapore,2013,Business,163295000,57299,6.1
Asia,Singapore,2013,Education,264099000,14818,110.5
Asia,Singapore,2013,Employment,0,0,0
Asia,Singapore,2013,Otherreason,0,0,0
Asia,Singapore,2013,Backpackers,49568000,14140,21.4
Asia,Singapore,2013,Nonbackpackers,1004402000,282654,16.7
Asia,China,2013,Holiday,1500730000,350070,9.1
Asia,China,2013,Visiting friends and relatives,476277000,122389,55.9
Asia,China,2013,Business,349226000,62751,20.3
Asia,China,2013,Education,2156881000,93628,168.6
Asia,China,2013,Employment,169613000,13961,137.1
Asia,China,2013,Otherreason,130729000,21909,36.8
Asia,China,2013,Backpackers,150824000,16650,68.6
Asia,China,2013,Nonbackpackers,4632632000,648058,44.2
Americas,United States,2013,Holiday,998274000,190635,18.8
Americas,United States,2013,Visiting friends and relatives,381371000,112097,21.3
Americas,United States,2013,Business,646203000,109917,16.5
Americas,United States,2013,Education,258188000,21622,75.8
Americas,United States,2013,Employment,186556000,16930,125.4
Americas,United States,2013,Otherreason,81633000,21037,13.4
Americas,United States,2013,Backpackers,269321000,39498,58.5
Americas,United States,2013,Nonbackpackers,2282904000,432739,22
Europe,United Kingdom,2013,Holiday,1495337000,246932,47
Europe,United Kingdom,2013,Visiting friends and relatives,992591000,264597,28.6
Europe,United Kingdom,2013,Business,284169000,55107,18.2
Europe,United Kingdom,2013,Education,102539000,9732,105.6
Europe,United Kingdom,2013,Employment,442302000,30603,146.7
Europe,United Kingdom,2013,Otherreason,87665000,14449,25.3
Europe,United Kingdom,2013,Backpackers,867742000,111824,85.4
Europe,United Kingdom,2013,Nonbackpackers,2536860000,509595,32.4
Asia,Korea,2013,Holiday,553601000,106731,47.6
Asia,Korea,2013,Visiting friends and relatives,77093000,28659,24.6
Asia,Korea,2013,Business,77279000,15694,19.2
Asia,Korea,2013,Education,312695000,16553,167.1
Asia,Korea,2013,Employment,0,0,0
Asia,Korea,2013,Otherreason,50849000,9872,56.3
Asia,Korea,2013,Backpackers,252139000,26383,140.1
Asia,Korea,2013,Nonbackpackers,887052000,157062,43.9
Oceania,New Zealand,2014,Holiday,996021000,425069,11.1
Oceania,New Zealand,2014,Visiting friends and relatives,620749000,395889,12
Oceania,New Zealand,2014,Business,390830000,207296,6.8
Oceania,New Zealand,2014,Education,98971000,17517,45.2
Oceania,New Zealand,2014,Employment,236065000,38028,78.8
Oceania,New Zealand,2014,Otherreason,95685000,50427,6.4
Oceania,New Zealand,2014,Backpackers,84878000,29338,24.4
Oceania,New Zealand,2014,Nonbackpackers,2353443000,1104888,12.9
Asia,Japan,2014,Holiday,766745000,193212,21.2
Asia,Japan,2014,Visiting friends and relatives,80553000,32389,14
Asia,Japan,2014,Business,179916000,37451,17.3
Asia,Japan,2014,Education,250786000,20403,114
Asia,Japan,2014,Employment,0,0,0
Asia,Japan,2014,Otherreason,0,0,0
Asia,Japan,2014,Backpackers,167430000,24667,84
Asia,Japan,2014,Nonbackpackers,1197539000,274522,23.5
Asia,Singapore,2014,Holiday,433705000,175260,8.1
Asia,Singapore,2014,Visiting friends and relatives,160459000,60517,14.8
Asia,Singapore,2014,Business,185203000,57319,8.2
Asia,Singapore,2014,Education,287576000,14488,114.1
Asia,Singapore,2014,Employment,0,0,0
Asia,Singapore,2014,Otherreason,18121000,8494,4.9
Asia,Singapore,2014,Backpackers,42201000,11188,25.7
Asia,Singapore,2014,Nonbackpackers,1110761000,314046,15.4
Asia,China,2014,Holiday,1894084000,418737,9.4
Asia,China,2014,Visiting friends and relatives,677192000,159512,58.9
Asia,China,2014,Business,321288000,63462,15.9
Asia,China,2014,Education,2447342000,100255,160.8
Asia,China,2014,Employment,263580000,20205,128.9
Asia,China,2014,Otherreason,108706000,22117,24.2
Asia,China,2014,Backpackers,110756000,18382,39.1
Asia,China,2014,Nonbackpackers,5601437000,765905,42.9
Americas,United States,2014,Holiday,1154904000,218798,15.9
Americas,United States,2014,Visiting friends and relatives,457778000,126415,24
Americas,United States,2014,Business,712896000,116798,14
Americas,United States,2014,Education,215756000,20050,79.7
Americas,United States,2014,Employment,156190000,19561,90.3
Americas,United States,2014,Otherreason,92727000,20926,8.1
Americas,United States,2014,Backpackers,255760000,43038,51.1
Americas,United States,2014,Nonbackpackers,2534491000,479510,19.8
Europe,United Kingdom,2014,Holiday,1461787000,227617,46.2
Europe,United Kingdom,2014,Visiting friends and relatives,991898000,267760,26.5
Europe,United Kingdom,2014,Business,347645000,59577,24.1
Europe,United Kingdom,2014,Education,106762000,9190,108.5
Europe,United Kingdom,2014,Employment,402132000,35148,132.4
Europe,United Kingdom,2014,Otherreason,73317000,15899,22.9
Europe,United Kingdom,2014,Backpackers,753437000,94939,90.3
Europe,United Kingdom,2014,Nonbackpackers,2630103000,520251,31.7
Asia,Korea,2014,Holiday,521911000,108987,38
Asia,Korea,2014,Visiting friends and relatives,88675000,30731,30.5
Asia,Korea,2014,Business,72547000,15946,18.1
Asia,Korea,2014,Education,292167000,14829,176.3
Asia,Korea,2014,Employment,0,0,0
Asia,Korea,2014,Otherreason,109325000,10647,139.5
Asia,Korea,2014,Backpackers,201886000,25006,120.4
Asia,Korea,2014,Nonbackpackers,937857000,162747,45.4
Oceania,New Zealand,2015,Holiday,1073040000,458593,10.8
Oceania,New Zealand,2015,Visiting friends and relatives,624636000,406942,11.3
Oceania,New Zealand,2015,Business,387756000,199802,6.4
Oceania,New Zealand,2015,Education,161513000,22244,46.3
Oceania,New Zealand,2015,Employment,281248000,46949,76.7
Oceania,New Zealand,2015,Otherreason,113634000,53051,10.1
Oceania,New Zealand,2015,Backpackers,80332000,27069,20.6
Oceania,New Zealand,2015,Nonbackpackers,2561495000,1160511,13.3
Asia,Japan,2015,Holiday,736257000,196849,19.1
Asia,Japan,2015,Visiting friends and relatives,86512000,36614,12.8
Asia,Japan,2015,Business,134246000,34483,12.2
Asia,Japan,2015,Education,307015000,25700,111
Asia,Japan,2015,Employment,0,0,0
Asia,Japan,2015,Otherreason,0,0,0
Asia,Japan,2015,Backpackers,174938000,27429,69.4
Asia,Japan,2015,Nonbackpackers,1157117000,281202,22.8
Asia,Singapore,2015,Holiday,499242000,188935,8.9
Asia,Singapore,2015,Visiting friends and relatives,159750000,59250,16.8
Asia,Singapore,2015,Business,207510000,59183,8.1
Asia,Singapore,2015,Education,400980000,16375,121.4
Asia,Singapore,2015,Employment,0,0,0
Asia,Singapore,2015,Otherreason,0,0,0
Asia,Singapore,2015,Backpackers,50843000,11783,23.8
Asia,Singapore,2015,Nonbackpackers,1332255000,332876,18
Asia,China,2015,Holiday,2725450000,511149,9
Asia,China,2015,Visiting friends and relatives,1013272000,190938,52.2
Asia,China,2015,Business,433094000,62093,18.6
Asia,China,2015,Education,3435950000,126834,156.2
Asia,China,2015,Employment,380107000,34155,92.6
Asia,China,2015,Otherreason,279839000,27196,32.8
Asia,China,2015,Backpackers,125151000,15139,47.4
Asia,China,2015,Nonbackpackers,8142562000,937226,41.5
Americas,United States,2015,Holiday,1470232000,251761,17.6
Americas,United States,2015,Visiting friends and relatives,558653000,139201,21.4
Americas,United States,2015,Business,736155000,109648,12.6
Americas,United States,2015,Education,301033000,24622,81.8
Americas,United States,2015,Employment,231095000,26116,88.4
Americas,United States,2015,Otherreason,114154000,22383,14.8
Americas,United States,2015,Backpackers,347956000,47530,58.2
Americas,United States,2015,Nonbackpackers,3063367000,526203,20.3
Europe,United Kingdom,2015,Holiday,1740414000,255287,45.6
Europe,United Kingdom,2015,Visiting friends and relatives,1148952000,277556,26.4
Europe,United Kingdom,2015,Business,322289000,53165,19.2
Europe,United Kingdom,2015,Education,132574000,12696,123.3
Europe,United Kingdom,2015,Employment,350504000,34330,124
Europe,United Kingdom,2015,Otherreason,107298000,16145,52.4
Europe,United Kingdom,2015,Backpackers,840705000,98200,94.4
Europe,United Kingdom,2015,Nonbackpackers,2961326000,550979,31.5
Asia,Korea,2015,Holiday,641906000,119916,39.2
Asia,Korea,2015,Visiting friends and relatives,119652000,38266,35.2
Asia,Korea,2015,Business,75778000,16392,16.1
Asia,Korea,2015,Education,300210000,15925,152.7
Asia,Korea,2015,Employment,0,0,0
Asia,Korea,2015,Otherreason,106651000,11413,110.7
Asia,Korea,2015,Backpackers,241739000,25843,119.3
Asia,Korea,2015,Nonbackpackers,1103626000,185050,46
Oceania,New Zealand,2016,Holiday,1216370000,502486,10
Oceania,New Zealand,2016,Visiting friends and relatives,593282000,398984,11.2
Oceania,New Zealand,2016,Business,446390000,204834,6.3
Oceania,New Zealand,2016,Education,142663000,20296,37.9
Oceania,New Zealand,2016,Employment,208520000,38852,74
Oceania,New Zealand,2016,Otherreason,105162000,55726,7.2
Oceania,New Zealand,2016,Backpackers,95090000,35251,16.7
Oceania,New Zealand,2016,Nonbackpackers,2617298000,1185927,12
Asia,Japan,2016,Holiday,1094568000,269439,18.5
Asia,Japan,2016,Visiting friends and relatives,92414000,33416,13
Asia,Japan,2016,Business,160770000,37261,11.4
Asia,Japan,2016,Education,264776000,21825,96
Asia,Japan,2016,Employment,0,0,0
Asia,Japan,2016,Otherreason,0,0,0
Asia,Japan,2016,Backpackers,153901000,25200,83
Asia,Japan,2016,Nonbackpackers,1567224000,356938,19.9
Asia,Singapore,2016,Holiday,609748000,231334,8.7
Asia,Singapore,2016,Visiting friends and relatives,132155000,55773,15.2
Asia,Singapore,2016,Business,197453000,60789,7
Asia,Singapore,2016,Education,369706000,15594,108.9
Asia,Singapore,2016,Employment,0,0,0
Asia,Singapore,2016,Otherreason,0,0,0
Asia,Singapore,2016,Backpackers,36435000,12652,16.6
Asia,Singapore,2016,Nonbackpackers,1399036000,370643,15.8
Asia,China,2016,Holiday,3152415000,638851,10.3
Asia,China,2016,Visiting friends and relatives,921412000,196562,55.2
Asia,China,2016,Business,360451000,65396,18.4
Asia,China,2016,Education,4280948000,155511,147.2
Asia,China,2016,Employment,307336000,27257,114.3
Asia,China,2016,Otherreason,150820000,32344,39.4
Asia,China,2016,Backpackers,171247000,18643,62.6
Asia,China,2016,Nonbackpackers,9002135000,1097277,40.8
Americas,United States,2016,Holiday,1799411000,328100,17.7
Americas,United States,2016,Visiting friends and relatives,549615000,151225,20.1
Americas,United States,2016,Business,671450000,111598,14
Americas,United States,2016,Education,361148000,25372,81.8
Americas,United States,2016,Employment,159249000,23216,85.8
Americas,United States,2016,Otherreason,117074000,28867,12.8
Americas,United States,2016,Backpackers,374832000,59297,49.9
Americas,United States,2016,Nonbackpackers,3283115000,609081,19.5
Europe,United Kingdom,2016,Holiday,1836180000,285600,39.7
Europe,United Kingdom,2016,Visiting friends and relatives,1038033000,273391,24.5
Europe,United Kingdom,2016,Business,270569000,54551,12.4
Europe,United Kingdom,2016,Education,129829000,12378,101.1
Europe,United Kingdom,2016,Employment,314930000,30576,112.1
Europe,United Kingdom,2016,Otherreason,95489000,17297,28.4
Europe,United Kingdom,2016,Backpackers,801315000,106798,76.5
Europe,United Kingdom,2016,Nonbackpackers,2883714000,566995,27.7
Asia,Korea,2016,Holiday,803427000,167753,33
Asia,Korea,2016,Visiting friends and relatives,106820000,39150,30.3
Asia,Korea,2016,Business,84546000,18112,20.5
Asia,Korea,2016,Education,332310000,17156,161.6
Asia,Korea,2016,Employment,119434000,7987,182.6
Asia,Korea,2016,Otherreason,122324000,12106,146.4
Asia,Korea,2016,Backpackers,203501000,25216,110.3
Asia,Korea,2016,Nonbackpackers,1365361000,237049,43.5
Asia,India,2006,Holiday,66745000,18676,13
Asia,India,2006,Visiting friends and relatives,41868000,17316,62.1
Asia,India,2006,Business,70775000,21011,25.6
Asia,India,2006,Education,102230000,6791,143.7
Asia,India,2006,Employment,50873000,6751,112.1
Asia,India,2006,Other reason,0,0,0
Asia,India,2006,Total,340657000,75573,48.4
Asia,India,2007,Holiday,69311000,19439,17.5
Asia,India,2007,Visiting friends and relatives,49477000,20102,52.9
Asia,India,2007,Business,98968000,23209,34.2
Asia,India,2007,Education,119802000,7805,138.2
Asia,India,2007,Employment,70822000,7214,118.8
Asia,India,2007,Other reason,0,0,0
Asia,India,2007,Total,427504000,84414,50.2
Asia,India,2008,Holiday,101776000,22872,17
Asia,India,2008,Visiting friends and relatives,59402000,26891,53.8
Asia,India,2008,Business,143742000,27151,30.4
Asia,India,2008,Education,189797000,9806,164.4
Asia,India,2008,Employment,92238000,8792,148.4
Asia,India,2008,Other reason,0,0,0
Asia,India,2008,Total,603360000,100709,55.8
Asia,India,2009,Holiday,76206000,20473,18.6
Asia,India,2009,Visiting friends and relatives,92196000,36523,49.1
Asia,India,2009,Business,106777000,21568,28.8
Asia,India,2009,Education,260749000,13926,154.9
Asia,India,2009,Employment,130013000,9535,147.9
Asia,India,2009,Other reason,0,0,0
Asia,India,2009,Total,678551000,108970,58.8
Asia,India,2010,Holiday,84443000,21355,23.6
Asia,India,2010,Visiting friends and relatives,101468000,43588,53.8
Asia,India,2010,Business,118174000,27717,23.4
Asia,India,2010,Education,288128000,15118,176.8
Asia,India,2010,Employment,145375000,9877,153.3
Asia,India,2010,Other reason,0,0,0
Asia,India,2010,Total,768769000,125431,63.4
Asia,India,2011,Holiday,82991000,23373,29.8
Asia,India,2011,Visiting friends and relatives,115579000,47841,54.7
Asia,India,2011,Business,136253000,27871,30.3
Asia,India,2011,Education,301921000,14589,185.2
Asia,India,2011,Employment,154408000,12188,135
Asia,India,2011,Other reason,0,0,0
Asia,India,2011,Total,824708000,135450,66.8
Asia,India,2012,Holiday,122896000,26330,28.7
Asia,India,2012,Visiting friends and relatives,116082000,56041,67.7
Asia,India,2012,Business,137257000,27403,27.9
Asia,India,2012,Education,188333000,11675,160
Asia,India,2012,Employment,156355000,12988,127.8
Asia,India,2012,Other reason,0,0,0
Asia,India,2012,Total,757243000,145131,64.9
Asia,India,2013,Holiday,112189000,32402,20.3
Asia,India,2013,Visiting friends and relatives,131272000,67802,66.4
Asia,India,2013,Business,112654000,23703,27.9
Asia,India,2013,Education,186326000,10157,168.3
Asia,India,2013,Employment,136348000,13561,121.9
Asia,India,2013,Other reason,0,0,0
Asia,India,2013,Total,717794000,158355,60.1
Asia,India,2014,Holiday,139592000,42432,21.4
Asia,India,2014,Visiting friends and relatives,156445000,79016,60.7
Asia,India,2014,Business,98756000,25057,22.6
Asia,India,2014,Education,228181000,11972,164
Asia,India,2014,Employment,145561000,14384,113.5
Asia,India,2014,Other reason,54749000,11803,34.7
Asia,India,2014,Total,823285000,184664,55.6
Asia,India,2015,Holiday,241217000,53891,25.8
Asia,India,2015,Visiting friends and relatives,184484000,93082,73.3
Asia,India,2015,Business,130724000,26276,25.1
Asia,India,2015,Education,333293000,14466,188.2
Asia,India,2015,Employment,186111000,17889,119.5
Asia,India,2015,Other reason,59933000,13437,32.2
Asia,India,2015,Total,1135763000,219042,64.7
Asia,India,2016,Holiday,253154000,61983,19.8
Asia,India,2016,Visiting friends and relatives,188193000,102766,70.8
Asia,India,2016,Business,145207000,28771,23.6
Asia,India,2016,Education,410961000,16386,163.2
Asia,India,2016,Employment,203654000,20085,118.4
Asia,India,2016,Other reason,0,0,0
Asia,India,2016,Total,1238215000,244338,59.9
Asia,Indonesia,2006,Holiday,72509000,28572,15.1
Asia,Indonesia,2006,Visiting friends and relatives,57343000,14347,23.9
Asia,Indonesia,2006,Business,35817000,12594,11.4
Asia,Indonesia,2006,Education,167492000,10817,132.9
Asia,Indonesia,2006,Employment,0,0,0
Asia,Indonesia,2006,Other reason,0,0,0
Asia,Indonesia,2006,Total,367406000,74470,36.5
Asia,Indonesia,2007,Holiday,75313000,28480,16.5
Asia,Indonesia,2007,Visiting friends and relatives,63690000,14728,24.7
Asia,Indonesia,2007,Business,32070000,12392,9.1
Asia,Indonesia,2007,Education,159407000,10345,131.6
Asia,Indonesia,2007,Employment,0,0,0
Asia,Indonesia,2007,Other reason,0,0,0
Asia,Indonesia,2007,Total,412454000,79270,39.3
Asia,Indonesia,2008,Holiday,98355000,29785,17.8
Asia,Indonesia,2008,Visiting friends and relatives,58581000,16074,25.5
Asia,Indonesia,2008,Business,38399000,12304,11
Asia,Indonesia,2008,Education,192453000,10823,139.9
Asia,Indonesia,2008,Employment,0,0,0
Asia,Indonesia,2008,Other reason,0,0,0
Asia,Indonesia,2008,Total,435140000,83139,37.3
Asia,Indonesia,2009,Holiday,109711000,37991,16.1
Asia,Indonesia,2009,Visiting friends and relatives,49607000,18559,18.7
Asia,Indonesia,2009,Business,33129000,11242,9.1
Asia,Indonesia,2009,Education,200811000,11872,138.4
Asia,Indonesia,2009,Employment,0,0,0
Asia,Indonesia,2009,Other reason,0,0,0
Asia,Indonesia,2009,Total,454538000,93379,40.3
Asia,Indonesia,2010,Holiday,151804000,45542,23.6
Asia,Indonesia,2010,Visiting friends and relatives,56252000,21517,23.4
Asia,Indonesia,2010,Business,39924000,13629,11
Asia,Indonesia,2010,Education,209163000,13361,129.3
Asia,Indonesia,2010,Employment,0,0,0
Asia,Indonesia,2010,Other reason,0,0,0
Asia,Indonesia,2010,Total,519937000,107963,40.7
Asia,Indonesia,2011,Holiday,190522000,53191,15.4
Asia,Indonesia,2011,Visiting friends and relatives,75124000,22498,23
Asia,Indonesia,2011,Business,47730000,13637,10.7
Asia,Indonesia,2011,Education,217429000,13736,132.8
Asia,Indonesia,2011,Employment,0,0,0
Asia,Indonesia,2011,Other reason,0,0,0
Asia,Indonesia,2011,Total,632556000,120009,37.5
Asia,Indonesia,2012,Holiday,143324000,55880,17.4
Asia,Indonesia,2012,Visiting friends and relatives,76408000,24004,24.9
Asia,Indonesia,2012,Business,40115000,13848,9.8
Asia,Indonesia,2012,Education,250978000,14259,129.9
Asia,Indonesia,2012,Employment,56678000,7386,92.7
Asia,Indonesia,2012,Other reason,0,0,0
Asia,Indonesia,2012,Total,607292000,123268,35
Asia,Indonesia,2013,Holiday,190306000,58539,16.6
Asia,Indonesia,2013,Visiting friends and relatives,114014000,26004,20
Asia,Indonesia,2013,Business,44897000,14614,9.1
Asia,Indonesia,2013,Education,253362000,13870,138.3
Asia,Indonesia,2013,Employment,44029000,6751,60.9
Asia,Indonesia,2013,Other reason,0,0,0
Asia,Indonesia,2013,Total,671428000,126926,31.5
Asia,Indonesia,2014,Holiday,149760000,64177,16.4
Asia,Indonesia,2014,Visiting friends and relatives,106668000,28485,23.6
Asia,Indonesia,2014,Business,53136000,15199,14.3
Asia,Indonesia,2014,Education,238457000,13890,143.9
Asia,Indonesia,2014,Employment,28926000,7833,57.7
Asia,Indonesia,2014,Other reason,0,0,0
Asia,Indonesia,2014,Total,590157000,134984,33
Asia,Indonesia,2015,Holiday,174784000,65067,15.5
Asia,Indonesia,2015,Visiting friends and relatives,106390000,29355,24.2
Asia,Indonesia,2015,Business,37100000,11294,11
Asia,Indonesia,2015,Education,243893000,14642,127.2
Asia,Indonesia,2015,Employment,0,0,0
Asia,Indonesia,2015,Other reason,0,0,0
Asia,Indonesia,2015,Total,614731000,136418,31.7
Asia,Indonesia,2016,Holiday,271032000,82163,15.1
Asia,Indonesia,2016,Visiting friends and relatives,111772000,27876,28.9
Asia,Indonesia,2016,Business,30872000,12369,7.7
Asia,Indonesia,2016,Education,276071000,15523,133.3
Asia,Indonesia,2016,Employment,0,0,0
Asia,Indonesia,2016,Other reason,0,0,0
Asia,Indonesia,2016,Total,743904000,155803,31.4
Americas,Canada,2006,Holiday,349810000,50344,43.2
Americas,Canada,2006,Visiting friends and relatives,135150000,31466,33.7
Americas,Canada,2006,Business,98490000,15251,26
Americas,Canada,2006,Education,68703000,5195,109.4
Americas,Canada,2006,Employment,0,0,0
Americas,Canada,2006,Other reason,0,0,0
Americas,Canada,2006,Total,699659000,108972,43.1
Americas,Canada,2007,Holiday,396234000,51897,44
Americas,Canada,2007,Visiting friends and relatives,138268000,32227,24.5
Americas,Canada,2007,Business,97344000,16596,21
Americas,Canada,2007,Education,108269000,6301,150.7
Americas,Canada,2007,Employment,0,0,0
Americas,Canada,2007,Other reason,0,0,0
Americas,Canada,2007,Total,786492000,115047,41.5
Americas,Canada,2008,Holiday,391761000,57328,41.3
Americas,Canada,2008,Visiting friends and relatives,149617000,35365,27.7
Americas,Canada,2008,Business,103746000,17796,17.8
Americas,Canada,2008,Education,91798000,5431,122.3
Americas,Canada,2008,Employment,0,0,0
Americas,Canada,2008,Other reason,0,0,0
Americas,Canada,2008,Total,836419000,127714,40.6
Americas,Canada,2009,Holiday,376724000,54788,40.3
Americas,Canada,2009,Visiting friends and relatives,151778000,37745,27.6
Americas,Canada,2009,Business,78852000,14021,13.1
Americas,Canada,2009,Education,119369000,6490,147.9
Americas,Canada,2009,Employment,0,0,0
Americas,Canada,2009,Other reason,21022000,5365,19.4
Americas,Canada,2009,Total,816124000,124028,42.6
Americas,Canada,2010,Holiday,311365000,51294,32.8
Americas,Canada,2010,Visiting friends and relatives,156934000,39229,29.6
Americas,Canada,2010,Business,99496000,16091,18.3
Americas,Canada,2010,Education,75139000,5913,100.6
Americas,Canada,2010,Employment,0,0,0
Americas,Canada,2010,Other reason,0,0,0
Americas,Canada,2010,Total,718366000,122312,36.4
Americas,Canada,2011,Holiday,284069000,48632,40.7
Americas,Canada,2011,Visiting friends and relatives,139753000,36468,30.1
Americas,Canada,2011,Business,93364000,16297,17.3
Americas,Canada,2011,Education,123836000,6920,122
Americas,Canada,2011,Employment,0,0,0
Americas,Canada,2011,Other reason,0,0,0
Americas,Canada,2011,Total,710318000,118144,41.4
Americas,Canada,2012,Holiday,293594000,49113,38.5
Americas,Canada,2012,Visiting friends and relatives,139030000,36940,31.2
Americas,Canada,2012,Business,89321000,16514,17.7
Americas,Canada,2012,Education,123733000,6387,107.4
Americas,Canada,2012,Employment,64577000,5695,106
Americas,Canada,2012,Other reason,0,0,0
Americas,Canada,2012,Total,725663000,119477,39.4
Americas,Canada,2013,Holiday,298054000,50864,36.3
Americas,Canada,2013,Visiting friends and relatives,153975000,37746,26.9
Americas,Canada,2013,Business,91141000,16406,14.2
Americas,Canada,2013,Education,99431000,6027,114.5
Americas,Canada,2013,Employment,55080000,5964,122
Americas,Canada,2013,Other reason,0,0,0
Americas,Canada,2013,Total,713782000,121805,37.2
Americas,Canada,2014,Holiday,366086000,54268,36.2
Americas,Canada,2014,Visiting friends and relatives,154817000,42861,26.9
Americas,Canada,2014,Business,115494000,15942,20.7
Americas,Canada,2014,Education,0,0,0
Americas,Canada,2014,Employment,0,0,0
Americas,Canada,2014,Other reason,0,0,0
Americas,Canada,2014,Total,794203000,129553,36.7
Americas,Canada,2015,Holiday,353389000,55308,41.2
Americas,Canada,2015,Visiting friends and relatives,180305000,47306,26
Americas,Canada,2015,Business,95703000,14401,16.9
Americas,Canada,2015,Education,129463000,6012,106
Americas,Canada,2015,Employment,0,0,0
Americas,Canada,2015,Other reason,0,0,0
Americas,Canada,2015,Total,830232000,134144,38.6
Americas,Canada,2016,Holiday,359087000,65474,31.8
Americas,Canada,2016,Visiting friends and relatives,176770000,45313,26.4
Americas,Canada,2016,Business,73359000,13314,12.9
Americas,Canada,2016,Education,124366000,6433,110.6
Americas,Canada,2016,Employment,0,0,0
Americas,Canada,2016,Other reason,0,0,0
Americas,Canada,2016,Total,791553000,142483,33
Europe,Germany,2006,Holiday,616184000,90751,47.1
Europe,Germany,2006,Visiting friends and relatives,82481000,20689,26.2
Europe,Germany,2006,Business,84908000,18176,24.4
Europe,Germany,2006,Education,92668000,8025,136.8
Europe,Germany,2006,Employment,0,0,0
Europe,Germany,2006,Other reason,0,0,0
Europe,Germany,2006,Total,930686000,146567,48.8
Europe,Germany,2007,Holiday,608255000,91117,45.5
Europe,Germany,2007,Visiting friends and relatives,97072000,21014,28.2
Europe,Germany,2007,Business,83127000,17765,21.7
Europe,Germany,2007,Education,119525000,8603,135.9
Europe,Germany,2007,Employment,0,0,0
Europe,Germany,2007,Other reason,0,0,0
Europe,Germany,2007,Total,968743000,149622,47
Europe,Germany,2008,Holiday,675636000,94213,44.1
Europe,Germany,2008,Visiting friends and relatives,91935000,21938,26.2
Europe,Germany,2008,Business,109001000,20249,13.8
Europe,Germany,2008,Education,127545000,9138,131
Europe,Germany,2008,Employment,0,0,0
Europe,Germany,2008,Other reason,0,0,0
Europe,Germany,2008,Total,1136538000,158462,45.8
Europe,Germany,2009,Holiday,714585000,98696,48.3
Europe,Germany,2009,Visiting friends and relatives,99934000,24284,20.8
Europe,Germany,2009,Business,75633000,15874,17.9
Europe,Germany,2009,Education,121702000,10635,109.8
Europe,Germany,2009,Employment,0,0,0
Europe,Germany,2009,Other reason,0,0,0
Europe,Germany,2009,Total,1090779000,159722,46.9
Europe,Germany,2010,Holiday,573660000,96071,42
Europe,Germany,2010,Visiting friends and relatives,81967000,23612,29.2
Europe,Germany,2010,Business,83153000,17450,15.3
Europe,Germany,2010,Education,126424000,9335,137.8
Europe,Germany,2010,Employment,0,0,0
Europe,Germany,2010,Other reason,0,0,0
Europe,Germany,2010,Total,941889000,159113,44
Europe,Germany,2011,Holiday,583108000,91768,49.8
Europe,Germany,2011,Visiting friends and relatives,95335000,23352,32.2
Europe,Germany,2011,Business,97366000,18031,17.7
Europe,Germany,2011,Education,91709000,7683,147.1
Europe,Germany,2011,Employment,0,0,0
Europe,Germany,2011,Other reason,0,0,0
Europe,Germany,2011,Total,943605000,154492,50.1
Europe,Germany,2012,Holiday,543074000,90869,51.5
Europe,Germany,2012,Visiting friends and relatives,83369000,25125,22.8
Europe,Germany,2012,Business,80418000,17128,22.9
Europe,Germany,2012,Education,93639000,7504,129.9
Europe,Germany,2012,Employment,49325000,4721,136.7
Europe,Germany,2012,Other reason,0,0,0
Europe,Germany,2012,Total,897157000,153951,50.8
Europe,Germany,2013,Holiday,619065000,96781,55.2
Europe,Germany,2013,Visiting friends and relatives,104633000,27622,28.9
Europe,Germany,2013,Business,73883000,16604,12.8
Europe,Germany,2013,Education,83905000,7755,129.9
Europe,Germany,2013,Employment,44450000,5381,145.3
Europe,Germany,2013,Other reason,0,0,0
Europe,Germany,2013,Total,962138000,163603,51
Europe,Germany,2014,Holiday,636781000,107306,50.7
Europe,Germany,2014,Visiting friends and relatives,117806000,31982,24.1
Europe,Germany,2014,Business,89693000,16513,22.5
Europe,Germany,2014,Education,87104000,7552,113.3
Europe,Germany,2014,Employment,57375000,6764,141.4
Europe,Germany,2014,Other reason,0,0,0
Europe,Germany,2014,Total,1037071000,179899,49.7
Europe,Germany,2015,Holiday,666547000,106523,50.8
Europe,Germany,2015,Visiting friends and relatives,123028000,34110,24.1
Europe,Germany,2015,Business,90507000,16456,19.1
Europe,Germany,2015,Education,102255000,8484,116.3
Europe,Germany,2015,Employment,0,0,0
Europe,Germany,2015,Other reason,44196000,9305,55.6
Europe,Germany,2015,Total,1109768000,182883,50.1
Europe,Germany,2016,Holiday,769530000,124040,46.6
Europe,Germany,2016,Visiting friends and relatives,111818000,30182,25.4
Europe,Germany,2016,Business,86825000,16054,12.2
Europe,Germany,2016,Education,126583000,8871,116.9
Europe,Germany,2016,Employment,0,0,0
Europe,Germany,2016,Other reason,50165000,9913,69.5
Europe,Germany,2016,Total,1196702000,195605,47.7
Europe,France,2006,Holiday,216963000,34370,43.7
Europe,France,2006,Visiting friends and relatives,40147000,11449,29.1
Europe,France,2006,Business,59149000,11468,31.5
Europe,France,2006,Education,46565000,4324,161.3
Europe,France,2006,Employment,0,0,0
Europe,France,2006,Other reason,0,0,0
Europe,France,2006,Total,382897000,65536,49.7
Europe,France,2007,Holiday,257837000,36468,54.4
Europe,France,2007,Visiting friends and relatives,56193000,12383,34.8
Europe,France,2007,Business,50086000,10573,14.6
Europe,France,2007,Education,57192000,4547,135.5
Europe,France,2007,Employment,0,0,0
Europe,France,2007,Other reason,0,0,0
Europe,France,2007,Total,461283000,71235,52.1
Europe,France,2008,Holiday,301189000,43793,50.1
Europe,France,2008,Visiting friends and relatives,55016000,13363,23.2
Europe,France,2008,Business,73679000,11512,17.8
Europe,France,2008,Education,83442000,6151,129.7
Europe,France,2008,Employment,0,0,0
Europe,France,2008,Other reason,0,0,0
Europe,France,2008,Total,576408000,85126,48.3
Europe,France,2009,Holiday,354922000,51228,56
Europe,France,2009,Visiting friends and relatives,60875000,14827,21.6
Europe,France,2009,Business,59758000,10975,15.2
Europe,France,2009,Education,59079000,5972,121.5
Europe,France,2009,Employment,0,0,0
Europe,France,2009,Other reason,0,0,0
Europe,France,2009,Total,614074000,92963,53.9
Europe,France,2010,Holiday,317385000,52163,56.4
Europe,France,2010,Visiting friends and relatives,63805000,15797,33.4
Europe,France,2010,Business,64994000,10851,18.7
Europe,France,2010,Education,75486000,6649,122.6
Europe,France,2010,Employment,0,0,0
Europe,France,2010,Other reason,0,0,0
Europe,France,2010,Total,590304000,97023,54.9
Europe,France,2011,Holiday,305357000,50441,64
Europe,France,2011,Visiting friends and relatives,63657000,15985,34.2
Europe,France,2011,Business,85115000,10417,24
Europe,France,2011,Education,106688000,7902,159.2
Europe,France,2011,Employment,0,0,0
Europe,France,2011,Other reason,0,0,0
Europe,France,2011,Total,627603000,95010,64.9
Europe,France,2012,Holiday,324596000,51312,65.7
Europe,France,2012,Visiting friends and relatives,52414000,17007,24.7
Europe,France,2012,Business,58842000,10221,24.1
Europe,France,2012,Education,64198000,6466,130
Europe,France,2012,Employment,67400000,7511,152.1
Europe,France,2012,Other reason,0,0,0
Europe,France,2012,Total,582288000,98398,62.9
Europe,France,2013,Holiday,371650000,54030,72.6
Europe,France,2013,Visiting friends and relatives,67734000,18342,27.7
Europe,France,2013,Business,52205000,10166,20.7
Europe,France,2013,Education,69456000,6068,119.2
Europe,France,2013,Employment,117484000,9139,163
Europe,France,2013,Other reason,0,0,0
Europe,France,2013,Total,709259000,104841,69.8
Europe,France,2014,Holiday,363152000,58067,62.6
Europe,France,2014,Visiting friends and relatives,88763000,21557,38.3
Europe,France,2014,Business,45561000,10862,12.8
Europe,France,2014,Education,57838000,5948,114.9
Europe,France,2014,Employment,90989000,9457,150.9
Europe,France,2014,Other reason,0,0,0
Europe,France,2014,Total,675560000,112813,63.4
Europe,France,2015,Holiday,378532000,56942,65
Europe,France,2015,Visiting friends and relatives,80098000,22834,26.7
Europe,France,2015,Business,77577000,10228,27.2
Europe,France,2015,Education,81775000,6701,136.3
Europe,France,2015,Employment,116916000,10501,144.6
Europe,France,2015,Other reason,0,0,0
Europe,France,2015,Total,780338000,113713,66.7
Europe,France,2016,Holiday,361822000,63316,50.2
Europe,France,2016,Visiting friends and relatives,82066000,21227,26.3
Europe,France,2016,Business,39071000,9796,16.2
Europe,France,2016,Education,59721000,7177,100.7
Europe,France,2016,Employment,0,0,0
Europe,France,2016,Other reason,0,0,0
Europe,France,2016,Total,664114000,117109,52.6
no,AllCountries,2006,Holiday,11226816,2588171,22
no,AllCountries,2006,Visiting friends and relatives,3409408,1077854,25.4
no,AllCountries,2006,Business,2765870,781164,13.9
no,AllCountries,2006,Education,3671211,273944,133.1
no,AllCountries,2006,Employment,1356341,161099,108.7
no,AllCountries,2006,Other reason,601605,181203,18.7
no,AllCountries,2006,Total,23031252,5063435,30.2
no,AllCountries,2007,Holiday,11308553,2523150,23
no,AllCountries,2007,Visiting friends and relatives,3910028,1129961,24.8
no,AllCountries,2007,Business,2773210,811204,12
no,AllCountries,2007,Education,4244724,296534,134.4
no,AllCountries,2007,Employment,1434219,177005,94.7
no,AllCountries,2007,Other reason,694138,207635,23.2
no,AllCountries,2007,Total,24364872,5145489,30.6
no,AllCountries,2008,Holiday,11447087,2378971,24.3
no,AllCountries,2008,Visiting friends and relatives,3967013,1173213,25.4
no,AllCountries,2008,Business,3322347,807526,12.2
no,AllCountries,2008,Education,4918489,308343,142.5
no,AllCountries,2008,Employment,1728956,191288,105.1
no,AllCountries,2008,Other reason,967315,240095,23.4
no,AllCountries,2008,Total,26351207,5099436,32.8
no,AllCountries,2009,Holiday,10981639,2344493,26.7
no,AllCountries,2009,Visiting friends and relatives,3862364,1315562,24.1
no,AllCountries,2009,Business,2624804,682145,13.3
no,AllCountries,2009,Education,5664017,349139,139.9
no,AllCountries,2009,Employment,1598013,179988,107.1
no,AllCountries,2009,Other reason,810340,216839,23.7
no,AllCountries,2009,Total,25541178,5088166,34.7
no,AllCountries,2010,Holiday,10198597,2432127,25.3
no,AllCountries,2010,Visiting friends and relatives,3903047,1348759,26.8
no,AllCountries,2010,Business,3106904,786216,13.2
no,AllCountries,2010,Education,5838449,365582,139.4
no,AllCountries,2010,Employment,1747608,193620,110.7
no,AllCountries,2010,Other reason,825892,227396,25.9
no,AllCountries,2010,Total,25620496,5353702,34.8
no,AllCountries,2011,Holiday,9862017,2320998,27.1
no,AllCountries,2011,Visiting friends and relatives,3861314,1365899,27.6
no,AllCountries,2011,Business,3380281,817567,14
no,AllCountries,2011,Education,6071108,375652,137.9
no,AllCountries,2011,Employment,2025427,210365,108.5
no,AllCountries,2011,Other reason,974656,252846,36.9
no,AllCountries,2011,Total,26174803,5343327,36.7
no,AllCountries,2012,Holiday,10205904,2446036,27.2
no,AllCountries,2012,Visiting friends and relatives,4160302,1463403,28.7
no,AllCountries,2012,Business,3412388,825994,14.6
no,AllCountries,2012,Education,6163284,366134,139.5
no,AllCountries,2012,Employment,2358563,234226,120.7
no,AllCountries,2012,Other reason,973047,253370,31.5
no,AllCountries,2012,Total,27273488,5589162,37.2
no,AllCountries,2013,Holiday,11397235,2643942,27.8
no,AllCountries,2013,Visiting friends and relatives,4529916,1591394,28.4
no,AllCountries,2013,Business,3224682,813239,13.7
no,AllCountries,2013,Education,6410428,370357,140.8
no,AllCountries,2013,Employment,2375743,227513,123.4
no,AllCountries,2013,Other reason,996377,258439,26.9
no,AllCountries,2013,Total,28934381,5904884,36.8
no,AllCountries,2014,Holiday,12329132,2854307,25
no,AllCountries,2014,Visiting friends and relatives,5117442,1755899,29.1
no,AllCountries,2014,Business,3443605,838622,13.6
no,AllCountries,2014,Education,6704067,378368,137.1
no,AllCountries,2014,Employment,2332187,256614,111.9
no,AllCountries,2014,Other reason,1153749,273373,30.7
no,AllCountries,2014,Total,31080182,6357183,35.1
no,AllCountries,2015,Holiday,14307954,3133173,24.4
no,AllCountries,2015,Visiting friends and relatives,5923080,1881456,29.7
no,AllCountries,2015,Business,3472777,794773,12.7
no,AllCountries,2015,Education,8726602,458589,136.2
no,AllCountries,2015,Employment,2805264,308973,109.8
no,AllCountries,2015,Other reason,1346898,281989,32.9
no,AllCountries,2015,Total,36582574,6858953,36.2
no,AllCountries,2016,Holiday,16663019,3820991,22.2
no,AllCountries,2016,Visiting friends and relatives,5696382,1902029,29.3
no,AllCountries,2016,Business,3284558,813668,11.8
no,AllCountries,2016,Education,9851917,495183,132.3
no,AllCountries,2016,Employment,2352240,278797,100.5
no,AllCountries,2016,Other reason,1236990,313997,29.7
no,AllCountries,2016,Total,39085107,7624665,33.2